use Hospital
go

insert into Doctor values
('1001', 'ali', 45 , 'male' , 'tehran enghlab'),
('1002', 'reza', 48 , 'male' , 'tehran azady'),
('1003', 'sara', 38 , 'female' , 'isfahan amirie'),
('1004', 'mohammad', 58 , 'male' , 'tabriz atlas'),
('1005', 'zahra', 51 , 'female' , 'isfahan jolfa'),
('1006', 'hamid', 32 , 'male' , 'hamedan boali'),
('1007', 'karim', 62 , 'male' , 'hamedan shriety');



insert into Patient values
('1001P', 'amir', 23 , 'male' , 'tabriz abozar','Flue','1005'),
('1002P', 'abdolah', 71 , 'male' , 'tehran shahed','Vomit','1003'),
('1003P', 'maryam', 40 , 'female' , 'gilan motahery','Asthma','1001'),
('1004P', 'hashem', 43 , 'male' , 'shiraz bahar','Cholera','1003'),
('1005P', 'farid', 56 , 'male' , 'isfahan simin','Osteoporosis','1006'),
('1006P', 'fateme', 28 , 'female' , 'hamedan abasabad','Gastric ulcer','1007'),
('1007P', 'mahsa', 39 , 'female' , 'tabriz imrkabir','Constipation','1002'),
('1008P', 'sahar', 64 , 'female' , 'mashhad emam','corona','1004');

insert into Lab values
('1001L', '1008P', '1004' , 20000  , '2008-01-22 10:09:29.423'),
('1002L', '1007P', '1002' , 30000 , '2006-08-19 00:00:00.000'),
('1003L', '1003P', '1001' , 40000 , '2007-11-27 00:00:00.000'),
('1004L', '1004P', '1003' , 40000 , '2003-02-16 00:00:00.000'),
('1005L', '1002P', '1003' , 30000 , '2008-01-22 10:09:29.423'),
('1006L', '1001P', '1005' , 60000  , '2004-03-19 00:00:00.000'),
('1007L', '1008P', '1004' , 50000 , '2005-03-21 00:00:00.000'),
('1008L', '1002P', '1003' , 60000 , '2009-01-15 11:19:29.454'),
('1009L', '1005P', '1006' , 70000 , '2011-03-17 11:33:24.454'),
('1010L', '1006P', '1007' , 65000 , '2014-04-10 10:33:54.454')
;

insert into Room values
('R1', 'ICU', '0' ),
('R2', 'CCU', '0' ),
('R3', 'Surgery', '0' ),
('R4', 'Radiology', '0' ),
('R5', 'examination', '0' ),
('R6', 'bandage', '1' ),
('R7', 'Recovery', '1' );


insert into InPatient values
('1001P', 'R2', '2004-03-20 00:00:00.000' , '2004-03-23 00:00:00.000','1006L'),
('1008P', 'R3', '2005-03-24 00:00:00.000' , '2005-03-28 00:00:00.000' ,'1007L'),
('1003P', 'R5', '2007-11-27 00:00:00.000' , '2007-11-28 00:00:00.000','1003L'),
('1002P', 'R1', '2009-01-19 11:30:29.454' , '2009-01-28 09:16:13.432','1008L');

insert into OutPatient values
('1004P','2003-02-14 08:33:00.000' ,'1004L'),
('1007P','2006-08-10 11:40:10.000' ,'1002L'),
('1005P','2011-03-11 11:22:24.454' ,'1009L'),
('1006P','2014-04-07 09:43:54.454' ,'1010L');


insert into Bill values
(1,'1001P' ,45000,430000,60000,2),
(2,'1002P' ,36000,145000,90000,4),
(3,'1003P' ,29000,60000,40000,5),
(4,'1004P' ,33000,0,40000,0),
(5,'1005P' ,54000,0,70000,0),
(6,'1006P' ,25000,0,65000,0),
(7,'1007P' ,41000,0,30000,0),
(8,'1008P' ,37000,220000,70000,6);